Degree,Validation RMSE
1,1.7485089957221575e-12
2,5.969758296705678e-05
